tempo_contrato,gasto_mensal,chamados_suporte,tipo_contrato,churn
39,239.2411003992838,8,Mensal,1
52,403.1007187749393,9,Mensal,1
29,337.71261063840905,7,Mensal,1
15,412.2701003837129,7,Mensal,1
43,456.4179764044818,0,Anual,0
8,327.7686704437814,9,Mensal,1
21,491.20822629157004,4,Mensal,1
39,323.63953229384833,3,Mensal,0
58,336.48994473002716,1,Anual,0
19,299.66702384400156,7,Anual,1
23,90.95094097309862,2,Anual,0
11,376.87866469260274,3,Mensal,1
11,296.3508381046002,6,Mensal,1
24,252.909701337247,9,Mensal,1
53,459.71207528147283,8,Anual,1
36,184.08175319387772,1,Anual,0
40,285.621024206755,2,Anual,0
24,363.9388421720585,3,Anual,0
3,408.4122990532448,9,Anual,1
22,256.7060635757776,0,Mensal,0
53,428.94113675841936,6,Anual,1
2,396.01298359192884,1,Mensal,1
24,79.80619003333963,4,Mensal,1
44,70.63756988208482,0,Mensal,0
30,329.3625579899411,2,Mensal,0
38,206.3360337014364,1,Mensal,0
2,144.1088559853314,0,Mensal,0
21,310.84247051228226,6,Mensal,1
33,203.70344470544526,4,Mensal,1
12,291.7685375213315,0,Mensal,0
58,257.0536215426074,5,Mensal,1
22,313.14474767711914,4,Mensal,1
44,230.1352200096266,2,Mensal,0
25,363.9504081636193,6,Anual,1
49,131.03027255718433,9,Anual,1
27,363.4256598021855,8,Anual,1
59,235.24754646088766,8,Anual,1
42,443.4429221844877,8,Mensal,1
28,281.8562246888949,1,Anual,0
16,487.89965717154695,2,Mensal,1
15,320.8709279934321,6,Mensal,1
47,150.73207965784428,4,Anual,0
51,419.8057865800021,1,Mensal,0
44,205.28718252007403,2,Anual,0
55,206.42864651720757,9,Anual,1
52,64.3121066683243,5,Anual,0
57,296.9218891433339,6,Anual,1
3,290.49057667963535,8,Mensal,1
37,210.19616792239376,0,Mensal,0
51,452.3977683031666,6,Mensal,1
7,107.93677923483976,7,Mensal,1
21,198.54478098956994,2,Anual,0
9,194.71224410601306,3,Anual,1
39,91.53076380293574,9,Anual,1
18,266.5154273253319,5,Mensal,1
4,359.50312269323734,9,Mensal,1
25,280.24565609626757,6,Mensal,1
14,120.63995722228718,3,Mensal,1
50,219.77868435893265,7,Anual,1
58,51.16776097264095,4,Mensal,0
9,440.73549816601405,0,Mensal,0
26,88.03265345630686,3,Mensal,1
53,318.77513701494377,2,Anual,0
2,493.8156481400668,8,Anual,1
20,291.46579069429964,7,Mensal,1
28,465.8187915983449,0,Mensal,0
47,156.25243990283195,5,Mensal,1
7,391.97993402191355,8,Mensal,1
44,289.06958928809036,6,Anual,1
8,374.23222762615916,3,Anual,1
47,78.05361313005865,0,Mensal,0
35,116.48259135780201,1,Mensal,0
14,109.90261786436521,4,Anual,1
17,359.224477431499,4,Mensal,1
36,429.99830268513296,7,Anual,1
50,387.32730440386433,5,Mensal,1
40,63.71246873011737,7,Mensal,1
4,440.2467414836255,1,Mensal,1
2,209.36600185690645,2,Mensal,1
6,228.7237246268371,5,Anual,1
54,97.1911249396164,9,Mensal,1
42,381.8323427422186,2,Mensal,0
4,132.02774531418112,5,Mensal,1
54,303.7842914084764,5,Mensal,1
29,428.319493645069,1,Mensal,0
18,90.14194792042528,6,Mensal,1
26,290.9010038069856,1,Anual,0
44,154.94738519741054,5,Mensal,1
34,204.31708892521712,0,Mensal,0
10,263.28647364375024,2,Anual,0
36,209.79693647568715,1,Mensal,0
14,341.9702781312092,6,Anual,1
31,265.81194578941256,3,Mensal,1
48,312.88976812137616,7,Anual,1
15,381.5701139277108,5,Anual,1
8,300.98401967769684,9,Anual,1
14,313.94094559734157,3,Anual,1
23,304.00634413518856,4,Mensal,1
57,220.44768167808022,8,Anual,1
40,201.85107524236315,6,Mensal,1
21,454.84132871525554,9,Mensal,1
16,323.3998500321078,8,Mensal,1
45,159.95891995909454,6,Mensal,1
18,274.21146403202306,0,Mensal,0
47,198.6568165764113,7,Mensal,1
53,470.16132069194356,3,Mensal,0
24,53.39046341033363,2,Anual,0
26,151.39975897063772,6,Anual,1
25,214.41056885332594,2,Mensal,0
45,269.51441036393203,7,Mensal,1
41,432.8678830262658,5,Mensal,1
29,89.54943104306474,4,Mensal,1
15,412.63919903351456,3,Mensal,1
45,75.0440702106389,7,Mensal,1
1,429.0413158841817,7,Mensal,1
25,73.23596504353077,0,Anual,0
7,58.20911664276247,8,Mensal,1
9,363.6326580648897,4,Mensal,1
24,498.76499064577746,3,Mensal,1
1,453.47461833830937,5,Mensal,1
44,309.19928801254696,5,Mensal,1
8,462.82802588848926,1,Anual,0
24,52.385002878922435,7,Mensal,1
11,488.7802233253141,6,Mensal,1
51,270.83695066645305,0,Anual,0
17,375.30324347979905,4,Anual,1
8,419.3876629190087,5,Anual,1
35,373.3057718764491,3,Mensal,0
35,290.76652942020974,1,Anual,0
33,264.4787678568854,3,Mensal,1
59,427.3621514161811,0,Mensal,0
5,142.2849020672566,6,Mensal,1
42,485.5973299269054,1,Mensal,0
39,369.9286154765367,1,Mensal,0
58,139.7781173022439,8,Mensal,1
41,381.3112326643197,4,Anual,0
28,288.4280104315025,1,Anual,0
7,368.25354304,8,Anual,1
9,395.50077564927744,8,Mensal,1
8,89.28058081535394,0,Anual,0
12,277.74678036170616,2,Mensal,1
34,469.40645401562034,3,Anual,0
33,194.2889864717814,6,Mensal,1
48,317.24739390105447,9,Anual,1
55,216.15371667945325,3,Mensal,0
23,254.42058749859484,1,Anual,0
24,296.87140307216896,6,Anual,1
37,297.0148909500398,5,Mensal,1
35,140.77870804860612,2,Mensal,0
44,358.05719654592497,5,Anual,1
40,89.54065005919557,5,Mensal,1
22,112.47114804890917,4,Anual,1
27,51.21990473644835,3,Mensal,1
35,102.5132288637566,9,Mensal,1
1,262.9247904733515,0,Mensal,0
35,322.7458464751274,9,Mensal,1
37,407.4302524849081,5,Anual,1
47,98.01466255104623,1,Mensal,0
14,432.8273570074046,2,Mensal,1
3,385.6885364969232,7,Mensal,1
1,233.8332318211626,9,Mensal,1
5,469.8221301949796,5,Anual,1
26,495.91826440582577,2,Anual,0
55,142.25081452395676,6,Mensal,1
14,220.65286323371018,3,Anual,1
39,466.90224061537003,8,Anual,1
27,374.7184478380747,4,Mensal,1
9,71.64258978383947,2,Anual,0
15,401.6815167881367,1,Mensal,0
15,422.57339922987137,1,Mensal,0
26,387.7258661443911,2,Anual,0
42,409.79170891378203,1,Mensal,0
13,421.30970451175875,3,Anual,1
51,133.88224405466485,1,Anual,0
32,156.0612857292499,9,Mensal,1
39,335.1913536740798,8,Anual,1
49,458.5397587081322,1,Mensal,0
52,192.28846203342258,8,Mensal,1
32,314.7380041077755,5,Anual,1
4,357.3419285377096,0,Anual,0
30,253.37687058456765,3,Mensal,1
37,371.2021046848967,0,Mensal,0
23,454.8503503814779,5,Anual,1
39,330.84569488182694,3,Anual,0
45,292.9014778615849,2,Anual,0
15,247.43510392475258,2,Mensal,1
43,309.86882190775657,8,Mensal,1
29,209.91310331827813,5,Mensal,1
36,226.16694959067587,8,Anual,1
13,289.3358658596783,4,Mensal,1
32,79.97860057586763,1,Mensal,0
7,153.06142591615836,7,Anual,1
59,294.282189776034,4,Mensal,0
51,244.18766441139917,1,Anual,0
22,199.76710366061792,3,Anual,0
28,378.7471115641857,8,Anual,1
2,362.1729233315023,3,Mensal,1
42,125.02884199702243,3,Mensal,0
45,445.3831019180472,1,Anual,0
57,272.9406318817845,5,Anual,0
53,383.65741001257044,1,Anual,0
6,307.9178821658249,6,Mensal,1
28,498.9616771657295,2,Anual,0
28,388.5814040174702,2,Anual,0
44,368.14120755955656,4,Anual,0
44,400.35737257283796,2,Anual,0
20,114.40759349681133,1,Anual,0
30,142.04506692625847,9,Anual,1
11,371.3288370006264,8,Mensal,1
58,272.29166920888815,1,Mensal,0
55,389.58588133705246,1,Mensal,0
28,96.31221383486525,7,Mensal,1
25,291.4166081680676,8,Mensal,1
39,220.46970450061207,6,Mensal,1
33,255.65009867675525,2,Mensal,0
1,321.7810424326306,8,Mensal,1
57,276.02975635813857,2,Anual,0
27,292.93728670077655,4,Anual,1
57,268.8608668980235,8,Mensal,1
52,234.02982968847195,2,Anual,0
13,397.3468912692103,6,Mensal,1
41,55.49138254312003,0,Mensal,0
3,319.29921554235216,3,Mensal,1
39,304.47875629533826,3,Mensal,0
6,372.28058362982847,6,Anual,1
8,319.5632141497969,7,Anual,1
27,422.05947251408526,0,Mensal,0
9,481.5836575538125,4,Mensal,1
37,204.13591573034452,6,Mensal,1
33,152.30794236349416,3,Mensal,1
51,240.6185880892173,3,Mensal,0
42,179.56832741407675,3,Mensal,0
44,326.7276184186945,5,Anual,1
24,460.3335839793341,6,Anual,1
15,112.60228736437784,1,Mensal,0
59,95.35757135714891,4,Anual,0
54,165.20698933414798,3,Mensal,0
32,376.74301372808037,2,Mensal,0
32,316.8333073664697,6,Mensal,1
24,95.99569890133981,5,Anual,1
41,463.4377350173359,6,Anual,1
52,405.538086705839,4,Anual,0
49,60.36017215443688,5,Mensal,1
49,343.11524494471075,4,Anual,0
58,397.0610008338821,6,Mensal,1
52,218.4959163741899,1,Anual,0
12,81.01469271524846,4,Mensal,1
39,84.79447946995427,5,Mensal,1
2,96.91113472331428,5,Mensal,1
3,428.1978343911903,4,Anual,1
49,459.8087892150709,9,Mensal,1
37,105.2648518305802,6,Anual,1
49,156.15771556778654,9,Mensal,1
56,124.4842296652804,7,Anual,1
17,133.8443957723543,6,Anual,1
59,426.87085505112145,4,Anual,0
49,199.46588569472252,0,Mensal,0
2,190.14991882053855,4,Mensal,1
2,152.32802939470068,9,Mensal,1
28,323.5524772074164,1,Anual,0
54,220.68756427349697,4,Mensal,0
23,384.91234332948,4,Mensal,1
37,142.51091376903688,1,Mensal,0
32,404.5054499215216,4,Mensal,1
33,321.67468927856254,3,Anual,0
1,101.42028502505948,0,Mensal,0
19,236.52706289163245,2,Anual,0
2,438.58316327583066,0,Mensal,0
53,465.3321043093182,4,Mensal,0
44,259.5650550434659,3,Mensal,0
26,266.3766401400831,6,Mensal,1
32,463.3046262226855,4,Mensal,1
6,314.18070086145525,9,Anual,1
32,64.78100160954726,3,Mensal,1
55,460.737258295608,1,Anual,0
4,161.70189924071835,3,Mensal,1
55,309.93437934119623,1,Mensal,0
11,124.48099284258822,7,Anual,1
56,65.24562211096774,2,Mensal,0
59,190.16292700974083,8,Mensal,1
17,401.22306839573946,3,Mensal,1
38,174.91422768323815,5,Mensal,1
24,149.04374633649368,9,Anual,1
5,145.70635295355183,4,Mensal,1
52,281.82815708306566,9,Anual,1
34,488.99359205724033,0,Anual,0
6,256.5450446076559,8,Mensal,1
22,300.78741600052155,0,Anual,0
11,437.2844080508303,7,Mensal,1
48,290.7813735201464,8,Anual,1
16,133.00829213848525,8,Mensal,1
33,184.81816029491466,0,Anual,0
9,189.4716168208749,1,Mensal,0
59,228.79315195591906,0,Mensal,0
6,242.05500740153724,9,Anual,1
16,409.9019099334212,1,Anual,0
29,207.22414957219985,9,Mensal,1
3,260.7043227986207,7,Mensal,1
20,331.23919417297355,4,Anual,1
59,219.97667634807618,6,Anual,1
36,426.4541659815498,1,Anual,0
19,314.35412190533344,7,Anual,1
26,182.3201056494372,5,Anual,1
3,371.3266399054227,7,Anual,1
19,287.4414785651536,0,Mensal,0
20,290.5051510657611,0,Mensal,0
32,266.48957677441365,6,Anual,1
7,273.65537696956204,7,Anual,1
52,394.4103264798083,2,Mensal,0
41,96.34166569909198,4,Mensal,1
33,200.46326508971697,0,Anual,0
40,83.97651371175016,6,Mensal,1
39,388.96079933635286,4,Mensal,1
18,172.53583462413474,7,Mensal,1
40,453.8436844184979,7,Mensal,1
1,286.9603099966822,8,Mensal,1
11,410.3373971687545,6,Mensal,1
28,490.51914602718256,0,Mensal,0
57,427.9049867554568,2,Anual,0
25,440.14719200518556,7,Mensal,1
50,233.59302291418012,2,Anual,0
23,298.2751678667029,7,Anual,1
31,164.24985381948693,0,Mensal,0
30,138.25089486205377,4,Anual,0
42,277.4785455977152,3,Mensal,0
35,317.77204086518924,4,Anual,0
7,202.67206065328594,7,Mensal,1
16,306.24958299357513,9,Anual,1
26,449.3572171310763,3,Anual,0
48,300.5247131525148,3,Mensal,0
57,374.36589333972796,2,Mensal,0
52,412.3917353110573,6,Anual,1
49,494.92795187994926,2,Anual,0
2,321.43883097964084,2,Mensal,1
1,413.0825670331637,9,Anual,1
48,483.1921933496936,4,Mensal,1
12,474.984376509773,4,Anual,1
5,113.4868319499711,5,Mensal,1
37,232.8765387230849,7,Anual,1
32,195.79552749805984,9,Mensal,1
59,89.1162567276572,5,Mensal,1
55,334.95834870993224,0,Mensal,0
9,381.15707593820105,7,Mensal,1
41,431.6576429600976,7,Mensal,1
35,105.24960034821882,8,Mensal,1
19,444.39983414388223,8,Anual,1
48,339.316503626414,1,Mensal,0
16,366.7757608123293,1,Mensal,0
3,459.78080159313674,2,Mensal,1
20,331.142571969463,0,Mensal,0
24,201.1396357174258,3,Mensal,1
54,421.2982991401969,3,Mensal,0
56,213.37664548779074,8,Mensal,1
33,65.4026498692381,8,Mensal,1
24,423.79452795436237,8,Mensal,1
52,205.336465196574,9,Mensal,1
11,398.2255354406031,6,Mensal,1
49,213.24105259967544,1,Mensal,0
8,437.48060898862474,9,Anual,1
36,148.77973628643142,4,Mensal,1
38,488.54626933949146,3,Anual,0
40,400.89144865461384,7,Mensal,1
20,101.40706666417857,1,Anual,0
35,304.5994789849522,5,Anual,1
48,493.41529050878063,4,Mensal,1
25,261.97945371221647,1,Anual,0
35,131.94821246971247,9,Mensal,1
25,268.1502652176558,0,Mensal,0
29,280.6059451468647,7,Anual,1
18,383.7591249028995,1,Anual,0
46,364.480633922407,6,Mensal,1
18,231.14751961864124,8,Mensal,1
2,148.11039837233892,8,Mensal,1
54,340.2743754961983,7,Mensal,1
35,239.7667705489768,9,Anual,1
16,109.52429500639867,8,Mensal,1
41,455.25753555637357,1,Mensal,0
36,361.04983592434445,5,Mensal,1
33,357.43273540046664,3,Mensal,1
4,420.1627441602533,3,Mensal,1
33,288.3477553947865,4,Anual,0
14,416.7744927811057,2,Anual,0
21,274.14083907995257,0,Anual,0
48,80.22892996206954,7,Mensal,1
20,232.36163961245992,4,Anual,1
56,273.85920229095075,2,Anual,0
8,374.0911617345331,9,Anual,1
7,97.96042855790347,6,Mensal,1
3,113.00834239720206,6,Mensal,1
17,168.6577111855774,0,Mensal,0
33,169.924277016897,8,Mensal,1
48,379.48306030657807,1,Mensal,0
12,162.828797252719,4,Mensal,1
59,334.8941285108514,4,Mensal,0
51,272.4232325622221,7,Anual,1
22,307.9824701807303,7,Mensal,1
55,427.1481334302331,6,Mensal,1
22,231.97167569706093,6,Anual,1
46,396.9101196789217,5,Anual,0
30,239.91622679780932,5,Anual,1
38,209.24211945256226,8,Anual,1
38,481.3822297909492,5,Mensal,1
45,132.96691430553346,1,Anual,0
51,90.65163225992355,1,Mensal,0
54,396.9436664909653,4,Mensal,0
8,80.71236740934121,3,Mensal,1
27,426.68554581636323,1,Mensal,0
27,246.73702836075958,2,Mensal,0
34,461.9811547813613,6,Anual,1
21,374.6897875048575,7,Anual,1
30,324.6821001535809,5,Mensal,1
33,477.18805867599457,4,Mensal,1
28,228.49221787342444,0,Anual,0
47,479.3391214428349,7,Anual,1
33,110.75057483954312,2,Mensal,0
5,267.68972386958575,5,Anual,1
48,171.4600500764877,2,Mensal,0
19,292.929250508687,6,Mensal,1
4,122.90624505121308,6,Anual,1
35,428.6883471395195,8,Mensal,1
49,430.8835321915508,4,Mensal,1
17,479.85634072556553,7,Anual,1
44,119.6024633974563,9,Anual,1
28,330.49964790724584,9,Mensal,1
30,263.4067889151663,7,Mensal,1
29,204.97267941990495,0,Mensal,0
46,208.19307251039848,4,Anual,0
53,235.7570977730385,2,Mensal,0
6,367.2164973600289,0,Mensal,0
35,319.22872622066956,3,Anual,0
41,256.856680742509,7,Mensal,1
37,84.17003466632994,2,Mensal,0
24,84.99440483553069,9,Mensal,1
29,51.052725781600216,1,Anual,0
49,485.4647246931889,8,Mensal,1
46,52.36421835127321,9,Mensal,1
53,96.39218570618519,4,Anual,0
31,191.5684505642349,6,Mensal,1
35,413.3436133175425,1,Mensal,0
33,482.9444535938529,8,Mensal,1
52,405.5061014563352,8,Mensal,1
21,360.75210460053825,3,Mensal,1
32,284.58530033610623,3,Mensal,1
23,89.01734533798262,5,Mensal,1
33,481.17685685176866,9,Mensal,1
3,391.27658627555667,9,Anual,1
18,337.5272234004178,9,Anual,1
25,391.56613049248244,5,Anual,1
42,375.8464981729124,0,Anual,0
31,336.7542109052691,8,Mensal,1
54,491.2595600809947,1,Anual,0
58,456.51371568621124,4,Mensal,0
3,340.9992136027235,8,Anual,1
40,361.9288451556161,3,Anual,0
46,73.2181129964195,2,Anual,0
24,351.46285904751767,6,Anual,1
50,69.87444696954508,5,Mensal,1
32,314.718690636469,7,Mensal,1
47,499.7090748046257,2,Mensal,0
22,300.1129616467308,4,Mensal,1
23,262.9445531366,9,Mensal,1
2,190.78468542751438,3,Anual,1
27,104.235160453909,3,Anual,0
42,378.96065215622673,3,Mensal,0
2,136.6695625035337,9,Anual,1
26,101.87690956127797,7,Anual,1
17,239.79319687873064,5,Anual,1
40,407.9038270815938,2,Anual,0
33,385.27904665409915,9,Mensal,1
9,74.69717659091371,4,Anual,1
43,254.81465826627024,5,Anual,1
54,285.09555923202606,4,Mensal,0
48,340.04599278162,5,Mensal,1
39,342.57530769945265,7,Anual,1
29,214.11376225578763,6,Mensal,1
42,302.3047373015813,4,Anual,0
55,266.4778477298389,9,Anual,1
26,448.24926043547646,5,Mensal,1
35,288.61930968570505,3,Mensal,0
50,248.46447278667273,8,Anual,1
25,232.01845235683282,3,Mensal,1
24,307.59249174505953,0,Mensal,0
13,411.78964073040396,6,Mensal,1
58,292.2806706713544,6,Mensal,1
7,347.74482878624366,3,Anual,1
57,382.03509510793623,2,Mensal,0
36,284.07564944542935,7,Anual,1
45,242.06767549468896,4,Mensal,1
20,444.49942003810224,9,Mensal,1
1,237.87773781255146,6,Anual,1
8,257.8742827590144,3,Anual,1
46,495.6535910037997,3,Mensal,0
16,50.10688560914806,7,Mensal,1
14,133.4628093095251,7,Mensal,1
12,222.78375046387657,1,Mensal,0
51,469.6654592413638,1,Anual,0
23,81.51336758636197,2,Mensal,0
15,54.268445132824134,2,Mensal,1
28,73.70772618975286,0,Mensal,0
34,89.84453477612817,2,Anual,0
2,66.91854794281738,5,Anual,1
32,265.90159708542717,7,Mensal,1
23,311.34074325229744,9,Anual,1
22,172.25913698105182,5,Mensal,1
51,229.22932278903602,4,Mensal,0
25,91.26470080014356,3,Anual,0
58,201.36670872278992,2,Anual,0
22,285.1336362355354,3,Anual,0
58,379.5223132330903,6,Mensal,1
58,51.50586291934065,0,Mensal,0
22,260.28984494194367,6,Anual,1
49,183.65129440469698,0,Mensal,0
52,433.7698197613556,1,Mensal,0
42,371.99899185540886,3,Mensal,0
6,315.09884051190267,0,Anual,0
15,174.7695405635481,8,Mensal,1
54,459.65259592589047,5,Mensal,1
43,70.29530474914543,0,Anual,0
37,99.26041940560182,0,Mensal,0
33,226.23356324316023,5,Mensal,1
8,105.99690078358536,3,Mensal,1
53,480.38706390174127,3,Mensal,0
44,409.09519496452253,5,Mensal,1
44,166.54219322081616,6,Mensal,1
5,314.8494030379604,8,Anual,1
39,492.04873178603674,9,Mensal,1
4,447.8895401591763,4,Anual,1
6,320.3593008989891,8,Mensal,1
45,456.6757852288717,3,Mensal,0
32,495.13320941601154,9,Mensal,1
52,384.50877030213087,1,Mensal,0
30,79.24388426730232,2,Anual,0
47,230.71110639146934,0,Mensal,0
35,427.02158087746045,5,Mensal,1
55,153.75613811225855,5,Anual,0
40,423.78913298778104,0,Anual,0
52,104.15244291574817,2,Anual,0
16,71.12541071651586,4,Mensal,1
13,222.84077517106232,2,Anual,0
50,66.52937184197613,9,Mensal,1
42,480.77161834249654,2,Mensal,0
30,421.79256310728465,9,Mensal,1
19,410.3463592084438,2,Mensal,1
17,333.40006534826887,4,Mensal,1
56,147.3458103664491,4,Mensal,0
19,283.2171650043765,3,Anual,0
28,318.77333259365344,0,Mensal,0
58,286.26417538712064,4,Mensal,0
55,167.10501557818728,9,Mensal,1
26,281.8615659416266,4,Anual,1
37,271.033853390882,3,Mensal,0
26,498.35109911302595,5,Mensal,1
53,453.84626662079177,9,Anual,1
23,258.52133669702897,3,Anual,0
9,330.3218223208034,6,Mensal,1
12,386.54222184150285,6,Anual,1
53,65.68932210522121,1,Anual,0
1,452.71464855252793,2,Anual,0
58,437.0570673880657,0,Mensal,0
58,255.8444439981683,7,Anual,1
1,226.02639473617091,8,Mensal,1
47,172.83171868534174,3,Mensal,0
34,264.50457274866574,5,Mensal,1
32,69.96949858995654,8,Mensal,1
54,433.4870900061535,5,Mensal,1
48,65.94006578834528,8,Anual,1
25,198.07311441644197,3,Mensal,1
40,469.21526974354543,7,Mensal,1
45,380.8456945355537,8,Mensal,1
53,176.62593225988707,3,Mensal,0
1,163.69209228239828,4,Anual,1
16,52.28696291811168,7,Mensal,1
39,363.07143178238755,9,Mensal,1
5,71.9526117529279,5,Mensal,1
22,289.67113373034294,6,Mensal,1
29,482.9548876664224,2,Mensal,0
55,99.26098702450425,6,Anual,1
3,452.5159689356303,7,Anual,1
12,496.1639008152717,9,Mensal,1
26,77.68266180765578,5,Anual,1
16,447.3078211118576,9,Anual,1
51,282.23555919962746,8,Anual,1
37,457.931173750061,5,Mensal,1
22,307.09352386380834,8,Mensal,1
57,347.95040454795407,3,Mensal,0
29,294.70050859882963,7,Anual,1
14,439.0217961383068,3,Anual,1
28,380.25946352916577,1,Mensal,0
5,284.5671404811867,9,Mensal,1
47,440.6723618231961,8,Anual,1
49,160.37848951490054,4,Anual,0
30,120.80329686613669,3,Anual,0
46,122.18004739853244,1,Anual,0
52,200.30399543535705,0,Mensal,0
5,157.41051408545786,6,Mensal,1
12,468.5406577293824,5,Anual,1
16,97.6253422228628,1,Mensal,0
26,364.5458321178144,7,Mensal,1
26,135.14969290325266,3,Anual,0
48,446.7367097466576,7,Mensal,1
21,482.59187968320833,6,Anual,1
39,259.4615039464926,4,Mensal,1
36,445.58216610265924,9,Anual,1
33,52.31532683962165,9,Mensal,1
30,418.97611283364506,7,Mensal,1
37,152.88132268621558,8,Anual,1
23,458.9155891712155,4,Mensal,1
58,50.50405016604927,9,Anual,1
10,300.2817807678906,4,Anual,1
54,390.4861117032206,1,Mensal,0
5,166.4097488140586,4,Mensal,1
36,136.90978906428188,2,Mensal,0
34,87.8442010105931,6,Mensal,1
52,196.89510942648184,9,Anual,1
31,301.92994053897326,4,Anual,0
10,102.12973555111594,7,Anual,1
58,219.51291289405944,0,Anual,0
19,54.08258209372623,2,Mensal,1
58,418.4057392249288,2,Anual,0
32,107.80192314193611,8,Anual,1
1,177.5043267195117,4,Anual,1
56,58.29247343219786,8,Anual,1
5,244.50835275163053,8,Mensal,1
45,428.05467623354843,0,Anual,0
4,226.46804515033847,1,Mensal,1
16,130.77379554072502,4,Mensal,1
24,389.1644753227336,3,Mensal,1
16,404.9631418418349,9,Anual,1
55,128.18906388840506,8,Anual,1
2,396.8843488434454,6,Anual,1
49,476.28404971535207,5,Anual,0
28,124.86991411952255,6,Mensal,1
32,396.942931639461,0,Anual,0
27,368.85740207118323,0,Mensal,0
20,263.10824979578985,7,Mensal,1
24,76.06420725145924,1,Mensal,0
12,83.6124879910343,9,Anual,1
50,433.5865966393915,8,Anual,1
35,495.56676773779117,6,Mensal,1
33,354.2235157340395,5,Mensal,1
33,250.68123815464466,0,Anual,0
51,341.4081395308584,0,Mensal,0
43,317.4781366528454,1,Anual,0
37,222.62551718252982,5,Anual,1
12,79.53176505830582,5,Mensal,1
3,419.6808263333484,1,Mensal,1
1,217.32508815742608,0,Anual,0
33,418.45353951069217,9,Anual,1
40,163.628937359772,4,Mensal,1
10,50.46326593053503,4,Anual,1
43,121.52222747454043,1,Mensal,0
44,260.842737545863,5,Mensal,1
29,474.93663573102344,8,Anual,1
13,95.98712886217353,1,Anual,0
12,434.3943985077047,9,Mensal,1
31,287.16084329533794,1,Anual,0
46,421.66434460995345,2,Mensal,0
2,184.2684939454967,6,Mensal,1
51,427.9762241026123,5,Mensal,1
50,397.770251007562,7,Anual,1
35,153.52415736414525,7,Mensal,1
23,109.10080688422013,5,Mensal,1
17,440.6244451395318,9,Mensal,1
26,483.45649404805937,2,Anual,0
8,64.0860411863823,2,Anual,0
29,379.0715301381585,0,Anual,0
26,459.28602992651827,6,Mensal,1
10,435.8120414416244,4,Anual,1
26,484.0342125215938,3,Mensal,1
34,392.0423352971437,9,Anual,1
51,249.0344430714096,3,Anual,0
41,190.3783957228087,3,Mensal,0
7,194.33423319715735,5,Anual,1
4,375.9902026763526,7,Mensal,1
58,385.6266554139339,7,Mensal,1
53,140.16161459692069,4,Mensal,0
50,440.65526607073895,5,Mensal,1
45,371.71581809101144,3,Mensal,0
11,303.2376288545222,8,Anual,1
29,262.18960704613073,7,Mensal,1
56,294.45476260548116,9,Anual,1
36,121.66058222566902,9,Mensal,1
25,141.66556217432338,0,Mensal,0
21,91.02402068278626,1,Anual,0
57,119.14611717250071,8,Mensal,1
36,254.1621355723772,7,Mensal,1
10,288.65947717771525,2,Anual,0
37,58.03785161524372,7,Mensal,1
9,408.55902253881237,0,Mensal,0
24,182.37558800456506,9,Mensal,1
35,460.32621573195996,3,Anual,0
49,485.38006862619994,2,Anual,0
35,133.45649360449445,5,Anual,1
48,257.9437808445473,6,Anual,1
36,50.55432582489165,3,Mensal,0
18,319.2472693050921,6,Mensal,1
49,323.287901718202,8,Anual,1
39,161.39298002151884,1,Mensal,0
32,301.28570266243906,2,Mensal,0
24,151.49306409968096,4,Mensal,1
23,122.37146108518553,2,Mensal,0
32,343.1837600610191,7,Anual,1
37,196.6664587784337,9,Mensal,1
12,315.6187724985301,7,Mensal,1
49,244.96103703724503,7,Mensal,1
55,492.9581333313068,8,Anual,1
13,117.3112892004046,3,Mensal,1
23,259.06936848611457,4,Mensal,1
25,356.20548186169634,4,Anual,1
35,227.9952877459859,7,Anual,1
41,488.61493334181046,6,Mensal,1
30,374.8494325671208,8,Mensal,1
17,345.6427359040219,7,Mensal,1
49,390.6766704250505,1,Mensal,0
20,478.69188711742265,9,Mensal,1
48,458.51839384308806,3,Mensal,0
25,375.9283886568854,5,Mensal,1
22,387.1227375955774,1,Mensal,0
13,115.66493331581546,6,Anual,1
59,96.25658202169956,2,Anual,0
19,306.90702582987393,2,Anual,0
49,58.265436623243,1,Mensal,0
36,267.06037169821616,7,Mensal,1
12,144.6573109634909,5,Anual,1
41,205.7074554401778,0,Mensal,0
19,399.11213110683025,0,Mensal,0
12,473.5568769045739,6,Mensal,1
9,82.58732246585367,7,Anual,1
7,290.4089926894003,4,Anual,1
28,447.14006861882,4,Mensal,1
14,87.12884049818958,3,Mensal,1
31,421.03132110357524,5,Anual,1
52,211.01060791772213,5,Mensal,1
19,194.94261599870092,2,Anual,0
58,489.8598738416536,8,Anual,1
47,140.38659043803239,6,Anual,1
16,361.9372733702064,0,Mensal,0
53,419.6483276044399,6,Mensal,1
5,68.53257287567226,4,Mensal,1
35,351.6734562594855,4,Anual,0
12,478.1974884598971,1,Anual,0
25,105.89898502762671,3,Mensal,1
52,453.2995862082672,5,Mensal,1
59,317.64948681962125,9,Anual,1
21,327.4720618381133,6,Anual,1
36,325.8248786895227,4,Anual,0
53,184.47614885179124,8,Mensal,1
23,470.84081688475686,2,Mensal,0
16,476.3077081839674,0,Anual,0
57,331.38709709627653,3,Anual,0
39,402.5402266737266,8,Mensal,1
45,325.5160936465211,3,Mensal,0
53,267.9793014083183,1,Mensal,0
42,347.36905323466283,9,Mensal,1
58,298.8506536663813,4,Mensal,0
39,318.8641381843685,2,Anual,0
14,402.7246490384879,8,Mensal,1
31,266.4067241520432,3,Anual,0
58,68.33934774161274,5,Mensal,1
5,123.79976644527376,1,Anual,0
35,247.37324742029227,5,Anual,1
23,376.17195194332623,2,Mensal,0
29,316.97539173958046,8,Mensal,1
43,342.63238364305425,1,Mensal,0
11,265.67551785932926,8,Mensal,1
18,327.0839098740093,4,Anual,1
47,198.05784701659798,7,Anual,1
12,261.5821667134993,1,Mensal,0
9,384.92557951773,5,Mensal,1
10,442.32475053790455,2,Mensal,1
58,245.144900280375,9,Anual,1
44,69.64774596831253,4,Mensal,1
17,122.75264486606119,7,Mensal,1
38,59.38751268119215,9,Anual,1
7,343.96835865679856,0,Anual,0
46,199.54158140979902,4,Mensal,1
13,294.1153860737154,2,Anual,0
40,271.9745810527098,3,Mensal,0
42,86.68692029859201,1,Mensal,0
9,231.46761250572433,8,Anual,1
50,149.25250621504546,2,Anual,0
27,238.2799049004437,1,Mensal,0
58,141.6102261540092,9,Mensal,1
2,428.20358282462007,8,Mensal,1
5,128.38700146021415,6,Mensal,1
29,482.35124816913964,5,Mensal,1
37,237.15831476612337,0,Mensal,0
38,430.8103814085722,4,Mensal,1
19,332.9441681926753,2,Anual,0
8,380.9076343995887,0,Anual,0
48,395.4757496300511,3,Anual,0
45,277.180196851858,1,Mensal,0
1,294.4852355134798,1,Anual,0
22,281.2981405139262,2,Anual,0
52,314.62627014053567,7,Anual,1
17,63.22750059042828,7,Anual,1
7,227.98182643205686,6,Anual,1
25,322.7849211025272,5,Mensal,1
45,318.97560436513896,8,Mensal,1
4,406.8302425725342,3,Anual,1
36,344.75420247444885,0,Anual,0
6,496.45999235330254,7,Anual,1
31,177.73453787389025,6,Mensal,1
19,211.61796334980417,6,Mensal,1
44,222.73121834050832,2,Mensal,0
54,259.6157631591118,3,Anual,0
39,426.1991287015442,9,Mensal,1
27,156.10644228164443,8,Mensal,1
10,399.20009316594326,5,Mensal,1
26,232.38958238858453,4,Mensal,1
19,320.83492264790385,2,Anual,0
39,334.64323995183776,8,Anual,1
3,217.78188673502052,4,Anual,1
45,280.6768423426123,4,Mensal,1
13,235.86402859146366,3,Anual,1
50,81.10975378397875,3,Mensal,0
28,246.72442496757193,0,Anual,0
58,93.82702664909849,6,Mensal,1
20,232.25935958614468,8,Mensal,1
28,316.8132799243018,2,Anual,0
8,310.73670470457535,1,Anual,0
41,348.17957555374414,2,Mensal,0
39,92.86767857958182,0,Anual,0
1,343.45546048869704,5,Mensal,1
3,190.46662551340117,6,Mensal,1
13,229.5706757617,1,Mensal,0
28,436.0938142652176,7,Mensal,1
57,54.06368185829761,5,Mensal,1
49,314.7856850032725,3,Mensal,0
25,319.4212910450484,4,Mensal,1
56,228.4968993546029,7,Anual,1
33,156.6625356987513,2,Mensal,0
38,155.603317217698,2,Anual,0
53,447.66935134733865,3,Mensal,0
6,248.9109682022859,0,Anual,0
58,198.90021334512736,8,Mensal,1
44,251.94990822413138,7,Mensal,1
45,351.2256806567126,7,Mensal,1
32,115.59045571013826,9,Mensal,1
45,252.24522584618197,5,Mensal,1
47,314.54796699967414,6,Anual,1
21,476.86250968314516,5,Anual,1
16,163.63750193393867,8,Anual,1
54,211.6628365623105,2,Anual,0
21,220.7113654650907,2,Mensal,0
11,322.4921709401973,2,Mensal,1
37,210.52942386800075,9,Mensal,1
36,290.08036638486305,2,Mensal,0
35,401.8056484302632,8,Mensal,1
19,367.42351735049164,3,Mensal,1
20,250.8658909306635,6,Mensal,1
57,438.897279953376,8,Mensal,1
18,301.1631123172383,6,Anual,1
47,292.95762777599566,8,Anual,1
41,65.38449467262117,2,Mensal,0
49,494.0118411607227,3,Anual,0
14,105.33686383833202,7,Anual,1
15,154.00891059244097,5,Mensal,1
31,73.26357675868714,4,Mensal,1
1,338.00133507661116,3,Mensal,1
53,151.115529637706,7,Anual,1
54,131.00469686272555,0,Anual,0
54,89.85001290045862,8,Mensal,1
3,96.48903070580704,0,Mensal,0
16,313.10181519916495,7,Mensal,1
23,359.6935396399679,3,Mensal,1
57,228.82054480898046,8,Mensal,1
11,265.9536867164329,4,Anual,1
12,358.6854811923428,2,Anual,0
10,57.82090558346584,8,Anual,1
32,195.40879568162535,8,Anual,1
16,487.8939866316559,3,Anual,0
8,311.0505033629606,3,Mensal,1
38,164.40106095387196,7,Anual,1
12,284.7785209862959,1,Mensal,0
24,204.1940696544119,8,Anual,1
28,289.5102449718346,5,Mensal,1
53,106.58368031299197,8,Anual,1
8,109.72159421867482,7,Mensal,1
58,114.59406291772679,6,Mensal,1
28,472.91890636707876,0,Mensal,0
36,379.80451325360383,2,Mensal,0
26,123.0718525980444,1,Anual,0
8,134.75708769452064,4,Anual,1
58,378.87326369189435,4,Mensal,0
50,120.27373015647827,4,Mensal,0
28,155.55258200067288,3,Mensal,1
28,483.5060747691796,4,Mensal,1
37,164.88793612779432,2,Mensal,0
41,347.734557667016,0,Anual,0
36,490.3840793302387,4,Mensal,1
27,218.4335452129067,8,Mensal,1
54,57.882195887928006,8,Mensal,1
17,159.86628069006844,3,Mensal,1
9,423.89473610376746,2,Mensal,1
33,439.07397617976653,0,Anual,0
53,395.83371403570607,1,Mensal,0
20,100.89941858445786,7,Mensal,1
13,407.97966726338143,0,Mensal,0
28,463.4050086470769,7,Mensal,1
48,320.27429414580627,6,Mensal,1
29,473.3939103521292,7,Anual,1
13,422.0774976703448,5,Anual,1
46,350.1371826459083,8,Mensal,1
35,309.7333565202867,2,Mensal,0
6,206.85815025888672,9,Mensal,1
18,121.67935035926232,3,Mensal,1
51,322.2292652107434,5,Anual,0
5,193.15019912815376,7,Anual,1
47,439.8974003874404,4,Mensal,1
25,497.00162181138285,2,Mensal,0
2,388.59249317700767,5,Mensal,1
10,90.71676287917283,3,Anual,1
56,179.90851798878714,8,Anual,1
30,99.09933429458738,2,Mensal,0
50,342.7302415062721,3,Mensal,0
59,394.3358890501031,6,Anual,1
45,466.5536738963203,6,Mensal,1
5,247.17755588539444,3,Mensal,1
55,455.6190423147999,5,Mensal,1
56,445.0510215685974,2,Anual,0
33,192.73807254442937,5,Mensal,1
54,441.005281493257,1,Mensal,0
1,219.05251334677692,7,Anual,1
18,183.59117355212635,1,Mensal,0
32,342.08359645747686,6,Mensal,1
47,197.77155254828648,8,Mensal,1
49,333.5939367481149,0,Mensal,0
11,324.42431247441255,7,Anual,1
21,303.54751730680647,6,Mensal,1
26,221.18886690475895,5,Mensal,1
25,296.8248747431645,5,Mensal,1
22,318.4184637434397,5,Anual,1
59,295.55909982296305,8,Anual,1
27,249.98875373804069,1,Mensal,0
49,56.600175670818714,0,Mensal,0
13,314.17776846551794,5,Anual,1
33,125.79997331422383,9,Mensal,1
34,339.1591860262353,7,Anual,1
41,391.7049475652897,2,Anual,0
35,275.20038910883363,9,Anual,1
1,294.0636492408822,0,Mensal,0
21,478.16535184969604,8,Mensal,1
48,431.2253126176584,0,Anual,0
55,461.4064321781615,2,Mensal,0
6,416.1948297438139,7,Mensal,1
28,99.01325383102915,2,Anual,0
17,117.04633518658761,3,Anual,0
5,286.9807087710318,7,Mensal,1
31,160.7313464590992,0,Mensal,0
5,264.5129637685216,5,Mensal,1
38,227.4643957182576,0,Anual,0
3,297.236407293704,0,Anual,0
53,386.09407226112023,7,Mensal,1
23,371.9709081946735,3,Mensal,1
37,284.5553596184004,0,Anual,0
53,420.0770384676761,9,Mensal,1
37,243.887941192115,6,Mensal,1
10,453.52143042805506,4,Anual,1
10,82.07612152482376,4,Mensal,1
19,479.59701351498836,0,Anual,0
17,344.6118866441067,9,Mensal,1
21,221.03352902174237,5,Mensal,1
14,138.7193569577948,8,Anual,1
9,265.63245324961997,8,Mensal,1
46,137.55124543338542,7,Anual,1
1,124.84922348441397,4,Mensal,1
51,327.8082908358384,0,Mensal,0
45,285.38812606180306,8,Mensal,1
13,351.54321557492375,0,Mensal,0
4,468.32264483989513,7,Mensal,1
1,289.5170960025681,4,Mensal,1
49,311.41942396825897,2,Mensal,0
40,90.33185261972395,6,Mensal,1
32,372.93610365888327,6,Anual,1
34,229.9573430618703,8,Anual,1
28,489.5263573981605,6,Anual,1
31,420.4283070180471,2,Mensal,0
8,285.1164682322533,0,Mensal,0
39,105.45019437747473,7,Anual,1
26,436.7371069762651,2,Mensal,0
58,409.90149294080976,7,Mensal,1
34,133.06330829166484,7,Anual,1
54,182.87523014913953,4,Anual,0
54,407.0332661665268,0,Mensal,0
3,133.35280094633436,9,Mensal,1
59,462.9886201271198,6,Anual,1
50,241.03734133836284,9,Mensal,1
12,89.16753316444638,4,Anual,1
1,417.0868895769264,7,Anual,1
54,218.0793573672744,8,Anual,1
44,286.92463736920143,6,Mensal,1
5,100.53695498504862,6,Mensal,1
30,51.16280668024207,0,Anual,0
30,337.0933426069839,3,Anual,0
59,281.8288266501792,1,Anual,0
57,317.09235610541623,1,Mensal,0
17,407.1847326712323,1,Mensal,0
48,340.97266104028705,3,Anual,0
47,128.64804927231972,0,Anual,0
